{"schemaVersion":"1.0","appDefinitionTemplate":{"id":"/providers/Microsoft.PowerApps/apps/","type":"Microsoft.PowerApps/apps","tags":{"primaryDeviceWidth":"640","primaryDeviceHeight":"1136","supportsPortrait":"true","supportsLandscape":"true","primaryFormFactor":"Phone","showStatusBar":"false","publisherVersion":"3.24062.17","minimumRequiredApiVersion":"2.2.0","hasComponent":"false","hasUnlockedComponent":"false","isUnifiedRootApp":"false","sienaVersion":"20240619T210743Z-3.24062.17.0"},"properties":{"appVersion":"2024-06-19T21:07:43Z","lifeCycleId":"Published","createdByClientVersion":{"major":3,"minor":24062,"build":17,"revision":0,"majorRevision":0,"minorRevision":0},"minClientVersion":{"major":3,"minor":24062,"build":17,"revision":0,"majorRevision":0,"minorRevision":0},"backgroundColor":"RGBA(0,176,240,1)","backgroundImageUri":"/8063547029424549880/N7745b7a3-8a0f-4f1a-883e-c3b0f53f3f2f-logoSmallFile","displayName":"Cidadão","description":"","commitMessage":"","appUris":{"documentUri":{"value":"/8063547029424549880/N6e96844b-d49b-4d8f-b323-09515f99c3db-document.msapp"},"imageUris":[],"additionalUris":[{"isSolutionAware":false,"value":"/8063547029424549880/N146082cb-6584-4889-94e5-1254dbfba43d-identity.json"}]},"createdTime":"0001-01-01T00:00:00Z","lastModifiedTime":"0001-01-01T00:00:00Z","sharedGroupsCount":0,"sharedUsersCount":0,"connectionReferences":{},"databaseReferences":{},"almMode":"Environment","performanceOptimizationEnabled":true,"canConsumeAppPass":true,"enableModernRuntimeMode":false,"executionRestrictions":{"isTeamsOnly":false,"dataLossPreventionEvaluationResult":{"status":"Compliant","lastEvaluationDate":"2024-06-18T19:50:23.986975Z","violations":[],"violationsByPolicy":[],"violationErrorMessage":"O aplicativo usa os seguintes conectores: ."}}},"appType":"ClassicCanvasApp","appComponents":[]}}